"writing"	"collection"
"The Broken Sword"	"1950s fantasy novels"
"The Broken Sword"	"1954 American novels"
"Brain Wave"	"1954 American novels"
"Question and Answer (novel)"	"1954 American novels"
"Three Hearts and Three Lions"	"1961 American novels"
"Orbit Unlimited"	"1961 American novels"
"Fire Time"	"1974 American novels"
"A Midsummer Tempest"	"1974 American novels"
"Conan the Rebel"	"1980s fantasy novels"
"Orion Shall Rise"	"1983 American novels"
"The Boat of a Million Years"	"1989 American novels"
"Inconstant Star"	"1991 novels"
"The Merman's Children"	"American fantasy novels"
"The Broken Sword"	"American fantasy novels"
"Conan the Rebel"	"American fantasy novels"
"Operation Luna"	"American fantasy novels"
"Operation Chaos (novel)"	"American fantasy novels"
"Three Hearts and Three Lions"	"American fantasy novels"
"Hrolf Kraki's Saga"	"American fantasy novels"
"A Midsummer Tempest"	"American fantasy novels"
"Brain Wave"	"Debut science fiction novels"
"The High Crusade"	"Films based on science fiction novels"
"Goat Song (novelette)"	"Hugo Award for Best Novelette winning works"
"The Sharing of Flesh"	"Hugo Award for Best Novelette winning works"
"No Truce with Kings"	"Hugo Award for Best Short Story winning works"
"The Longest Voyage"	"Hugo Award for Best Short Story winning works"
"Call Me Joe"	"Jupiter in fiction"
"Brake (Anderson)"	"Jupiter in fiction"
"Operation Chaos (novel)"	"Science fantasy novels"
"Inconstant Star"	"Stars in fiction"
"There Will Be Time"	"Time travel novels"
"The Corridors of Time"	"Time travel novels"
"Operation Luna"	"Werewolves in written fiction"
"Operation Chaos (novel)"	"Werewolves in written fiction"
"Three Hearts and Three Lions"	"Werewolves in written fiction"
"Operation Chaos (novel)"	"World War II alternate histories"
"Time and Stars"	"Science fiction short stories"
"The Dark Between the Stars (short story collection)"	"Science fiction short stories"
"Call Me Joe"	"Science fiction short stories"
"The Longest Voyage"	"1960 short stories"
"Night Piece"	"1961 short stories"
"No Truce with Kings"	"1963 short stories"
"The Pirate (short story)"	"1968 short stories"
"The Sharing of Flesh"	"1968 short stories"
"The Queen of Air and Darkness (novella)"	"1971 short stories"
"Goat Song (novelette)"	"1972 short stories"
"The Saturn Game"	"1981 short stories"
"Conan the Rebel"	"Conan the Barbarian novels"
"Tau Zero"	"Novels by Poul Anderson"
"The High Crusade"	"Novels by Poul Anderson"
"The Merman's Children"	"Novels by Poul Anderson"
"The Broken Sword"	"Novels by Poul Anderson"
"Conan the Rebel"	"Novels by Poul Anderson"
"Brain Wave"	"Novels by Poul Anderson"
"Starfarers (Poul Anderson novel)"	"Novels by Poul Anderson"
"The Enemy Stars"	"Novels by Poul Anderson"
"Inconstant Star"	"Novels by Poul Anderson"
"Operation Luna"	"Novels by Poul Anderson"
"Question and Answer (novel)"	"Novels by Poul Anderson"
"Operation Chaos (novel)"	"Novels by Poul Anderson"
"Fire Time"	"Novels by Poul Anderson"
"After Doomsday"	"Novels by Poul Anderson"
"Three Hearts and Three Lions"	"Novels by Poul Anderson"
"Hrolf Kraki's Saga"	"Novels by Poul Anderson"
"Orion Shall Rise"	"Novels by Poul Anderson"
"The Star Fox"	"Novels by Poul Anderson"
"A Midsummer Tempest"	"Novels by Poul Anderson"
"The Boat of a Million Years"	"Novels by Poul Anderson"
"Orbit Unlimited"	"Novels by Poul Anderson"
"There Will Be Time"	"Novels by Poul Anderson"
"The Corridors of Time"	"Novels by Poul Anderson"
"The People of the Wind"	"Novels by Poul Anderson"
"Entity (short story)"	"Short stories by Poul Anderson"
"Night Piece"	"Short stories by Poul Anderson"
"Marius (Anderson)"	"Short stories by Poul Anderson"
"The Pirate (short story)"	"Short stories by Poul Anderson"
"No Truce with Kings"	"Short stories by Poul Anderson"
"The Longest Voyage"	"Short stories by Poul Anderson"
"The Saturn Game"	"Short stories by Poul Anderson"
"Brake (Anderson)"	"Short stories by Poul Anderson"
"Isaac's Universe"	"Science fiction anthology series"
"Three Hearts and Three Lions"	"Danish resistance movement"
"Time and Stars"	"Short story collections by Poul Anderson"
"The Dark Between the Stars (short story collection)"	"Short story collections by Poul Anderson"
"Earthman's Burden"	"Short story collections by Poul Anderson"
"Hoka!"	"Short story collections by Poul Anderson"
"Hoka! Hoka! Hoka!"	"Short story collections by Poul Anderson"
"Hokas Pokas!"	"Short story collections by Poul Anderson"
"The Best of Poul Anderson"	"Short story collections by Poul Anderson"
"The Many Worlds of Poul Anderson"	"Short story collections by Poul Anderson"
"Winners (short story collection)"	"Short story collections by Poul Anderson"
"Marius (Anderson)"	"History of modern Macedonia"
"There Will Be Time"	"Novels set in the 13th century"
"The High Crusade"	"Novels set in the 14th century"
"Quest (Poul Anderson novelette)"	"Novels set in the 14th century"
"A Midsummer Tempest"	"Works based on A Midsummer Night's Dream"
"A Midsummer Tempest"	"Works based on The Tempest"
"Three Hearts and Three Lions"	"Multiple time paths in fiction"
"Orion Shall Rise"	"Phantasia Press books"
"Entity (short story)"	"1949 short stories"
"Brain Wave"	"1950s science fiction novels"
"The Enemy Stars"	"1950s science fiction novels"
"The Enemy Stars"	"1959 American novels"
"Three Hearts and Three Lions"	"1960s fantasy novels"
"The High Crusade"	"1960s science fiction novels"
"After Doomsday"	"1960s science fiction novels"
"Orbit Unlimited"	"1960s science fiction novels"
"The Corridors of Time"	"1960s science fiction novels"
"After Doomsday"	"1962 American novels"
"The Star Fox"	"1965 American novels"
"The Corridors of Time"	"1965 American novels"
"Tau Zero"	"1970 American novels"
"The People of the Wind"	"1970s science fiction novels"
"Quest (Poul Anderson novelette)"	"1980s science fiction novels"
"Starfarers (Poul Anderson novel)"	"1990s science fiction novels"
"Inconstant Star"	"1990s science fiction novels"
"Operation Luna"	"American alternate history novels"
"Operation Chaos (novel)"	"American alternate history novels"
"After Doomsday"	"American post-apocalyptic novels"
"Tau Zero"	"American science fiction novels"
"The High Crusade"	"American science fiction novels"
"Brain Wave"	"American science fiction novels"
"Starfarers (Poul Anderson novel)"	"American science fiction novels"
"The Enemy Stars"	"American science fiction novels"
"Operation Luna"	"American science fiction novels"
"Question and Answer (novel)"	"American science fiction novels"
"Operation Chaos (novel)"	"American science fiction novels"
"Fire Time"	"American science fiction novels"
"After Doomsday"	"American science fiction novels"
"Orion Shall Rise"	"American science fiction novels"
"The Star Fox"	"American science fiction novels"
"The Boat of a Million Years"	"American science fiction novels"
"Orbit Unlimited"	"American science fiction novels"
"There Will Be Time"	"American science fiction novels"
"The Corridors of Time"	"American science fiction novels"
"The People of the Wind"	"American science fiction novels"
"Quest (Poul Anderson novelette)"	"American science fiction novels"
"Hrolf Kraki's Saga"	"Ballantine Books books"
"Call Me Joe"	"Brainâ€“computer interfacing in fiction"
"The Dark Between the Stars (short story collection)"	"Cannibalism in fiction"
"The Sharing of Flesh"	"Cannibalism in fiction"
"The Merman's Children"	"Danish folklore"
"Tau Zero"	"Doubleday (publisher) books"
"The High Crusade"	"Doubleday (publisher) books"
"Time and Stars"	"Doubleday (publisher) books"
"Operation Chaos (novel)"	"Doubleday (publisher) books"
"Fire Time"	"Doubleday (publisher) books"
"Three Hearts and Three Lions"	"Doubleday (publisher) books"
"The Star Fox"	"Doubleday (publisher) books"
"A Midsummer Tempest"	"Doubleday (publisher) books"
"There Will Be Time"	"Doubleday (publisher) books"
"Brain Wave"	"Extraterrestrial life in popular culture"
"Isaac's Universe"	"Fictional universes"
"Tau Zero"	"Hard science fiction"
"Three Hearts and Three Lions"	"High fantasy novels"
"The Queen of Air and Darkness (novella)"	"Hugo Award for Best Novella winning works"
"The Saturn Game"	"Hugo Award for Best Novella winning works"
"Inconstant Star"	"Known Space stories"
"Orbit Unlimited"	"Libertarian science fiction"
"Three Hearts and Three Lions"	"Matter of France"
"The Saturn Game"	"Nebula Award for Best Novella-winning works"
"The High Crusade"	"Novels first published in serial form"
"After Doomsday"	"Novels first published in serial form"
"The High Crusade"	"Novels set in the Middle Ages"
"Quest (Poul Anderson novelette)"	"Novels set in the Middle Ages"
"Orion Shall Rise"	"Post-apocalyptic novels"
"No Truce with Kings"	"Prometheus Award-winning works"
"The Star Fox"	"Prometheus Award-winning works"
"Brake (Anderson)"	"Religion in science fiction"
"The Enemy Stars"	"Space exploration novels"
"The Corridors of Time"	"Temporal war fiction"
"Starfarers (Poul Anderson novel)"	"Tor Books books"
"Operation Luna"	"Tor Books books"
"The Boat of a Million Years"	"Tor Books books"
"Brain Wave"	"Transhumanist books"
"The High Crusade"	"Works originally published in Analog Science Fiction and Fact"
"Entity (short story)"	"Works originally published in Analog Science Fiction and Fact"
"Un-Man"	"Works originally published in Analog Science Fiction and Fact"
"Marius (Anderson)"	"Works originally published in Analog Science Fiction and Fact"
"The Pirate (short story)"	"Works originally published in Analog Science Fiction and Fact"
"Question and Answer (novel)"	"Works originally published in Analog Science Fiction and Fact"
"The Longest Voyage"	"Works originally published in Analog Science Fiction and Fact"
"The Saturn Game"	"Works originally published in Analog Science Fiction and Fact"
"Brake (Anderson)"	"Works originally published in Analog Science Fiction and Fact"
"Tau Zero"	"Works originally published in Galaxy Science Fiction"
"After Doomsday"	"Works originally published in Galaxy Science Fiction"
"The Sharing of Flesh"	"Works originally published in Galaxy Science Fiction"
"Night Piece"	"Works originally published in The Magazine of Fantasy & Science Fiction"
"No Truce with Kings"	"Works originally published in The Magazine of Fantasy & Science Fiction"
"The Star Fox"	"Works originally published in The Magazine of Fantasy & Science Fiction"
"Un-Man"	"World War III speculative fiction"
"Marius (Anderson)"	"World War III speculative fiction"
"Earthman's Burden"	"1957 short story collections"
"Time and Stars"	"1964 short story collections"
"The Many Worlds of Poul Anderson"	"1974 short story collections"
"The Dark Between the Stars (short story collection)"	"1981 short story collections"
"Winners (short story collection)"	"1981 short story collections"
"Hoka!"	"1983 short story collections"
"Hokas Pokas!"	"2000 short story collections"
"The Merman's Children"	"Novels set in Denmark"
"Un-Man"	"1953 short stories"
"Call Me Joe"	"1957 short stories"
"The High Crusade"	"1960 American novels"
"The Merman's Children"	"1970s fantasy novels"
"Hrolf Kraki's Saga"	"1970s fantasy novels"
"A Midsummer Tempest"	"1970s fantasy novels"
"Operation Chaos (novel)"	"1971 American novels"
"Hrolf Kraki's Saga"	"1973 American novels"
"The People of the Wind"	"1973 American novels"
"The Merman's Children"	"1979 American novels"
"Conan the Rebel"	"1980 American novels"
"Quest (Poul Anderson novelette)"	"1980 American novels"
"Conan the Rebel"	"Bantam Books books"
"The Sensitive Man"	"Novels set in Mexico"
"The Broken Sword"	"Novels set in the Viking Age"
"Hrolf Kraki's Saga"	"Novels set in the Viking Age"
"Un-Man"	"Post-apocalyptic short stories"
"Marius (Anderson)"	"Post-apocalyptic short stories"
"No Truce with Kings"	"Post-apocalyptic short stories"
"The Best of Poul Anderson"	"1976 short story collections"
"There Will Be Time"	"Novels set in the Byzantine Empire"
"Hrolf Kraki's Saga"	"Novels set in the 6th century"
"Question and Answer (novel)"	"Messier 13 in fiction"
"Orbit Unlimited"	"Epsilon Eridani in fiction"
"The Saturn Game"	"Iapetus (moon) in fiction"
"Tau Zero"	"Nebulae in fiction"
"Earthman's Burden"	"Short story collections by Gordon R. Dickson"
"Hoka!"	"Short story collections by Gordon R. Dickson"
"Hoka! Hoka! Hoka!"	"Short story collections by Gordon R. Dickson"
"Hokas Pokas!"	"Short story collections by Gordon R. Dickson"
"After Doomsday"	"20th-century American novels"
"The Sensitive Man"	"Novellas by Poul Anderson"
"The Queen of Air and Darkness (novella)"	"Novellas by Poul Anderson"
"Un-Man"	"Novellas by Poul Anderson"
"Call Me Joe"	"Novellas by Poul Anderson"
"Goat Song (novelette)"	"Novellas by Poul Anderson"
"The Sharing of Flesh"	"Novellas by Poul Anderson"
"Quest (Poul Anderson novelette)"	"Novellas by Poul Anderson"
"The Merman's Children"	"Berkley Books books"
"The Sensitive Man"	"Works originally published in Fantastic Universe"
"Hoka! Hoka! Hoka!"	"1998 short story collections"
"Inconstant Star"	"Black holes in fiction"
"Tau Zero"	"End of the Universe in fiction"
"A Midsummer Tempest"	"English Civil War novels"
"The Merman's Children"	"Mermaids in fiction"
"The Sensitive Man"	"1953 novels"
"Starfarers (Poul Anderson novel)"	"1998 novels"
"Operation Luna"	"2000 novels"
"Un-Man"	"Alternate history short stories"
"Marius (Anderson)"	"Alternate history short stories"
"Brake (Anderson)"	"Alternate history short stories"
"Brake (Anderson)"	"Fictional secret societies"
"There Will Be Time"	"1972 American novels"
"Marius (Anderson)"	"1964 in fiction"
"Brake (Anderson)"	"1964 in fiction"
"Un-Man"	"2004 in fiction"
"The Sensitive Man"	"2009 in fiction"
"The Best of Poul Anderson"	"Pocket Books books"
"The Saturn Game"	"Saturn's moons in fiction"
